{"schemaVersion":"1.0","appDefinitionTemplate":{"id":"/providers/Microsoft.PowerApps/apps/","type":"Microsoft.PowerApps/apps","tags":{"primaryDeviceWidth":"1366","primaryDeviceHeight":"768","sienaVersion":"20220204T162013Z-3.22013.7.0","deviceCapabilities":"webcam","supportsPortrait":"true","supportsLandscape":"true","primaryFormFactor":"Tablet","publisherVersion":"3.22013.7","minimumRequiredApiVersion":"2.2.0","hasComponent":"true","hasUnlockedComponent":"true","isUnifiedRootApp":"false"},"properties":{"appVersion":"2022-02-04T16:20:13Z","lifeCycleId":"Published","createdByClientVersion":{"major":3,"minor":22013,"build":7,"revision":0,"majorRevision":0,"minorRevision":0},"minClientVersion":{"major":3,"minor":22013,"build":7,"revision":0,"majorRevision":0,"minorRevision":0},"backgroundColor":"RGBA(0,176,240,1)","backgroundImageUri":"/18063215220262856158/Nd14323f3-6330-4819-a6e0-411500a1fbd9-logoSmallFile","displayName":"LMSApp","description":"","commitMessage":"","appUris":{"documentUri":{"value":"/18063215220262856158/N2dcb5657-4919-4759-bd96-1028ad56153e-document.msapp"},"imageUris":[]},"createdTime":"0001-01-01T00:00:00Z","lastModifiedTime":"0001-01-01T00:00:00Z","sharedGroupsCount":0,"sharedUsersCount":0,"icons":{"smallIconUri":"/18063215220262856158/N2229ad17-b7d4-47f9-b830-9ea4fe229420-small.png","mediumIconUri":"/18063215220262856158/Nf1f44507-eaa1-437e-8b6e-0f6b85de9be0-medium.png","largeIconUri":"/18063215220262856158/N6fa4dfe0-655f-41a6-88dd-546f2d61bb5c-large.png","wideIconUri":"/18063215220262856158/Ndc4f4f83-ba12-48a2-8d0b-d96642592a71-wide.png"},"connectionReferences":{"c81f91cf-eee3-408f-b11d-4ddc1ab94dfa":{"id":"26c19298-6efd-4569-b28b-f0e6ca5cd3d5","displayName":"SharePoint","iconUri":"https://connectoricons-prod.azureedge.net/releases/v1.0.1546/1.0.1546.2667/sharepointonline/icon.png","dataSources":["LMSList","LMSListPositions"],"dependencies":[],"dependents":[],"parameterHints":{},"parameterHintsV2":{},"isOnPremiseConnection":false,"bypassConsent":false,"dataSets":{"https://12062021batch.sharepoint.com/sites/Revature":{"dataSources":{"LMSList":{"tableName":"3000878a-7678-4f0b-ac99-e4a920406a67"},"LMSListPositions":{"tableName":"6f40d812-c991-4182-9b68-809a5b7d9f49"}}}},"apiTier":"Standard","isCustomApiConnection":false,"actions":["providers/PowerPlatform.Governance/Operations/Read","providers/PowerPlatform.Governance/Operations/Write"]},"19b9264a-6bf4-4f8f-80b4-33ba0f0bc165":{"id":"7ede07ba-d032-47b5-a44b-ecda4e691670","displayName":"Office 365 Outlook","iconUri":"https://connectoricons-prod.azureedge.net/releases/v1.0.1538/1.0.1538.2621/office365/icon.png","dataSources":["Office365Outlook"],"dependencies":[],"dependents":[],"parameterHints":{},"parameterHintsV2":{},"isOnPremiseConnection":false,"bypassConsent":false,"dataSets":{},"apiTier":"Standard","isCustomApiConnection":false},"20c1e82f-360c-44f0-8e96-52521cbf48aa":{"id":"26c19298-6efd-4569-b28b-f0e6ca5cd3d5","displayName":"SharePoint","iconUri":"https://connectoricons-prod.azureedge.net/releases/v1.0.1546/1.0.1546.2667/sharepointonline/icon.png","dataSources":["LMSTimeOffRequests"],"dependencies":[],"dependents":[],"parameterHints":{},"parameterHintsV2":{},"isOnPremiseConnection":false,"bypassConsent":false,"dataSets":{"https://12062021batch.sharepoint.com/sites/Revature":{"dataSources":{"LMSTimeOffRequests":{"tableName":"c49f132a-dc68-4818-a3ca-41e575812e91"}}}},"apiTier":"Standard","isCustomApiConnection":false,"actions":["providers/PowerPlatform.Governance/Operations/Read","providers/PowerPlatform.Governance/Operations/Write"]}},"databaseReferences":{},"almMode":"Environment","performanceOptimizationEnabled":true,"canConsumeAppPass":true,"executionRestrictions":{"isTeamsOnly":false,"dataLossPreventionEvaluationResult":{"status":"Compliant","lastEvaluationDate":"2022-01-20T01:06:51.0121524Z","violations":[],"violationsByPolicy":[],"violationErrorMessage":"The app uses the following connectors: shared_sharepointonline."}}},"appType":"ClassicCanvasApp","appComponents":[]}}